ID_Cliente,PrimerNombre,SegundoNombre,PrimerApellido,SegundoApellido,Genero,Correo_Electronico,FechaNacimiento,Direccion
1,Ginger,P,Garza,,M,mmzoo@nbrbs.glgqst.org,1973-10-15 03:48:00.030000000,Washington Building
2,Jami,BS,Hensley,,M,aqxjxh24@ldbfii.org,2006-02-06 13:01:45.720000000,Marshall Building
3,Erika,N,Doyle,,F,wqdqv.ljymajxzyq@ueaude.net,1965-08-14 18:08:52.790000000,2nd Floor
4,Jeffrey,Z,Vazquez,,F,cjbhjlk.mgoegaci@kofe.mimmuv.net,1965-04-15 09:29:16.900000000,Appartment 40
5,Tania,N,Duncan,,M,wjycir9@lkhvoe.ldjntw.org,1953-08-14 19:38:17.950000000,Sales Group
6,Ginger,A,Davila,,F,uayxyo@hyuqxg.com,1981-01-23 22:23:39.260000000,APT 2
7,Frank,LP,Moyer,,F,qsefnyi.vaipbwvw@bfbzop.ffdvfb.org,1997-05-22 08:50:58.530000000,Suite 4
8,Alan,SB,Singh,,M,gnipmap683@cyuvrkeo.ponras.com,1980-01-16 17:16:35.080000000,Suite 519
9,Norma,PH,Stein,,F,ygfuin5@whtgtzefb.krerur.net,1967-06-07 01:58:02.720000000,Pre Sales Group
10,Claudia,H,Kirk,,M,hniq@ltkmfczas.wiurxm.com,1956-10-31 22:21:17.490000000,Roosevelt Building
11,Esther,HA,Barker,,F,nozcovir@ewcsnk.net,1971-04-20 18:21:59.700000000,APT 58
12,Alfred,CO,Barrera,,M,eisfzj.epqvex@bjeoeo.aemfze.org,2008-12-22 16:10:21.090000000,Appartment 48
13,Wallace,NH,Jefferson,,F,msxzewuc646@bhnp.dfekpo.com,1976-02-01 23:53:17.640000000,Edison Building
14,Marla,SN,Patrick,,F,ncwlbldc@ggzom.buekyl.com,1992-10-20 09:17:47.010000000,Sanger Building
15,Carolyn,P,Lin,,M,zgnmkp@dekgcx.net,1981-06-06 11:38:34.890000000,Suite 80
16,Barry,N,Davila,,M,jxlxgqy.vubekvq@puno.krwkgq.net,1981-03-12 04:38:07.460000000,Hamilton Building
17,Terence,CN,Thompson,,F,hrocs.zwowdkanyt@vfizw.mzfjfq.net,1999-12-01 08:16:48.810000000,Suite 885
18,Paula,BD,Villarreal,,F,emkpi3@fqk-kc.net,1959-04-19 07:16:56.190000000,Pre Sales Group
19,Frankie,T,Cunningham,,M,xwamz.ifzvp@zmfmch.com,1973-07-23 00:14:28.480000000,7th Floor
20,Lara,NS,Cobb,,M,dlhptfj1@taqrns.-yqnhb.com,1954-05-20 16:43:39.380000000,3rd Floor
21,Marisa,HT,Neal,,F,yuxzq7@jynytk.net,2011-01-04 16:35:00.690000000,Suite 94
22,Dexter,O,Wright,,F,cdzwoalm49@jnkrqc.net,1954-01-02 04:47:32.600000000,2nd Floor
23,Joni,T,Roy,,F,chbnctj281@rbfxoevj.qexozn.org,1972-11-29 10:42:34.070000000,Madison Building
24,Kim,Q,Summers,,M,pkubr.xscjcgcwme@lsopls.org,2015-11-14 19:47:18.810000000,Suite 90
25,Margaret,AR,Santana,,F,heejnd721@dawbmgzn.jjbdoa.org,1959-10-25 04:29:41.570000000,Wilson Building
26,Kyle,BH,Kline,,F,iipjt.twzvyeh@biss.zlbwyu.net,1970-11-30 13:25:59.750000000,Suite 8954
27,Willie,DD,Byrd,,M,iokdywu@iipheped.fbgihe.com,2003-04-26 10:34:55.720000000, Group
28,Valerie,T,Trujillo,,F,nmvy.nklugkg@ylkgkexgu.k-fhav.net,2018-10-15 23:43:20.700000000,Pre Sales Department
29,Connie,BA,Cook,,F,ywkojo.xtvyscvyix@yrpf-g.org,1964-01-09 20:36:23.840000000,Suite 586
30,Elisa,R,Woodward,,M,hcjymw7@vkhhelvyj.gzdxuo.org,1959-05-16 08:02:13.340000000,Suite 5798
31,Sabrina,P,Griffith,,M,eocgjuu@tgfy.bmqjku.org,2009-10-09 11:27:43.240000000,Suite 10
32,Tamika,S,Prince,,M,ygadfbs358@anmvoj.org,2003-07-16 20:41:22.780000000,Sales Department
33,Jasmine,S,Stewart,,F,ybaiuh.vkjth@qdvto.yqcvnl.org,1997-05-07 06:04:57.140000000,Einstein Building
34,Trevor,SZ,Adkins,,M,pgug91@jheldl.org,1987-01-30 06:42:13.440000000,Sales Group
35,Edgar,O,Mc Millan,,F,xtwrsqn.kxmhvvzfeo@uvnfoi.org,1966-09-20 16:41:09.010000000,Suite 59
36,Cathy,RT,Golden,,F,mnqogo951@hnejzo.com,2008-02-10 17:20:16.180000000,Anthony Building
37,Tonia,NH,Riddle,,F,gzxtidy12@nxgyahm.grkulm.org,1972-04-23 16:56:31.980000000,Suite 8
38,Bryce,Q,Castillo,,M,,2010-09-09 12:21:32.070000000,Madison Building
39,Darrick,HH,Anthony,,F,vputgfn.ylksm@lbup.lygagy.org,1970-10-23 11:41:08.250000000,APT 32
40,Toby,NB,Olsen,,F,ywqrzq.nehkncc@guhnik.net,2006-02-11 08:49:28.690000000,Appartment 8
41,Sonja,TN,Torres,,F,kjqms.ffxbutswu@wmfk.wkz-dz.net,1961-01-22 16:14:39.900000000,88th Floor
42,Dwight,HS,Wilkins,,M,myzogx@ehfabhoyn.knfl-y.net,1996-02-22 16:06:59.710000000,38th Floor
43,Suzanne,P,Sweeney,,F,sycfghpw.pxjcqlacf@slflud.net,2011-12-26 23:03:59.050000000,Roosevelt Building
44,Cari,RN,Sharp,,F,nnidy99@lenj.puixuk.net,2008-04-21 07:46:32.290000000,APT 99
45,Anthony,P,Fowler,,M,yrzmw.drehqhu@inbb.jeebxw.net,1978-04-05 23:18:05.180000000,3rd Floor
46,Shane,CZ,Davies,,F,axbqo18@otuafsbv.jpgjwl.com,1987-02-27 15:39:39.980000000,Suite 4955
47,Jessica,NW,Wells,,F,ujzwmj.fatqdwmlw@qezjvb.kjprtb.com,1985-12-18 07:15:18.950000000,Pre Sales Group
48,Rosemary,CT,Abbott,,F,imbi07@ifgnd.mjxxgu.net,1996-08-03 17:41:54.750000000,Pre Sales Department
49,Quincy,NO,Burnett,,F,vxygqngr.nzjnkenl@nwixgu.org,2013-10-17 00:24:58.400000000,Appartment 3
50,Alyssa,Y,Barnett,,F,esnnnyn81@rfxzdmz.tjvuhp.net,2008-07-25 17:45:12.730000000,9th Floor
51,Irma,O,Shannon,,F,bzwjwm@laessin.wqkxdh.org,1963-08-19 16:44:34,Appartment 84
52,Adriana,P,Jordan,,M,kisseho.wgcpeydz@zuarmg.org,2013-11-04 16:16:47.180000000,Foster Building
53,Mia,PP,Knight,,F,iddvo19@hdlnhvbk.ssgxng.org,1960-02-21 07:35:48.090000000,Suite 8293
54,Janelle,TN,Steele,,F,ipekbo2@xcbza.hxnguw.com,1962-11-01 12:23:58.830000000,Sales Department
55,Donovan,X,Mullen,,M,napv20@ixwfoe.org,1997-09-05 07:58:43.270000000,2nd Floor
56,Owen,VN,Arnold,,F,vjmmrtgf62@tnnnqr.org,1972-10-13 23:00:27.430000000,Roosevelt Building
57,Monte,QA,Kidd,,M,lxehp@ihuackaj.oabwjq.org,1986-03-11 02:19:11.650000000,Suite 2
58,Colby,Q,Mckay,,F,eisboi.xpijddjdch@sqcmdu.org,1969-09-29 22:21:33.980000000,1st Floor
59,Dora,GG,Atkins,,F,qpnn943@zuyeu.zrkryt.org,1958-06-23 04:59:35.330000000,Customer Department
60,Louis,S,Morton,,M,lwnff.ealhb@cewtvm.org,2002-09-14 06:12:18.200000000,Suite 85
61,Rex,MM,Garrison,,F,umiu636@wpckgc.com,1997-09-29 11:48:43.550000000,Sales Group
62,Anita,DT,Higgins,,M,uunxsyro@pqmc.wksqms.net,1998-08-06 09:07:37.840000000,Franklin Building
63,Kara,X,Terry,,F,rxsaup.mgfhopw@lmmwug.org,1969-01-07 20:40:11.240000000,Madison Building
64,Brandon,T,Crane,,M,kkrrjhbt095@omcjgvmg.ec-ego.net,1961-01-22 17:55:49.370000000,Appartment 2
65,Nicole,RY,Carpenter,,M,ozkfy.ydndovoaai@rwwexc.org,1967-01-22 10:53:34.250000000,1st Floor
66,Marcella,CR,Hancock,,F,ggwmwf50@szkcgi.net,1987-10-04 21:40:36.920000000,Customer Group
67,Jeffrey,E,Suarez,,M,rdawi767@vixrgbgil.kyihrs.com,1964-08-18 10:05:23.950000000,APT 84
68,Ralph,B,Pierce,,F,xpkju01@qsupxt.com,2009-01-01 17:11:04.200000000,3rd Floor
69,Roman,R,Roach,,M,txfckinr0@hyvxrmo.kfyofu.com,1979-01-31 16:36:37.990000000,Truman Building
70,Marc,D,Haney,,M,jloiq.smaah@ndfqiuzs.gvgiqg.com,1993-04-25 18:18:18.720000000,3rd Floor
71,Celeste,NN,Mercer,,F,nbbsbleu.dkqlgjfsvj@qqqegl.com,1961-11-19 11:41:35.480000000,Post Sales Group
72,Lance,SU,Brandt,,M,fkzwnfj.rawtsvi@oxcyld.com,2009-03-22 19:55:16.750000000,Appartment 5
73,Pamela,AR,Sanchez,,F,kkbweskg.kuyba@citsyv.org,2008-06-25 19:35:47.940000000,Suite 322
74,Chester,WK,Eaton,,F,lxlfgx.muylpmil@bxvxn.kqiuth.com,1987-06-10 15:24:59.790000000,Post Sales Department
75,Eric,LT,Todd,,F,tgsuya.pllgb@qbhgd.ktojnu.com,2013-04-27 00:28:59.490000000,Sales Group
76,Gloria,M,Mayer,,F,aoeijs@ldfhik.org,1967-11-14 00:28:00.970000000,Suite 351
77,Fred,XP,Hammond,,F,ezst383@klfbgoxhy.nhwnut.net,1962-01-06 05:43:33.550000000, Department
78,Allyson,R,Oliver,,M,dkcerq.gcba@wpcafc.net,1984-08-09 02:56:01.790000000,APT 24
79,Malcolm,SG,Schneider,,F,ldhdq.griii@bftpljivf.eclfjt.com,1990-08-11 20:29:13.630000000,Suite 982
80,Bruce,Y,Bullock,,M,nkzz.zybakts@voxhqsqk.xjymep.net,1992-08-26 12:50:01.590000000,Suite 1
81,Keri,QK,Houston,,M,vmvu326@hkle-x.com,2004-12-12 06:10:40.800000000,Edison Building
82,Christa,TT,Knox,,M,mlwdw.bmpmslen@iksmna.org,1959-09-23 16:53:00.970000000,81th Floor
83,Katherine,N,Ferrell,,M,icflexpo.lzjyutax@uwcxo-.com,1957-12-30 23:18:22.290000000,Suite 67
84,Doris,P,Knapp,,M,yeykvy.dphr@mubywk.com,1975-06-16 02:51:11.110000000,6th Floor
85,Rachael,GW,Weaver,,F,mqkw93@fdqtka.org,2015-09-26 15:17:39.350000000,APT 25
86,Jamal,BA,Fields,,M,kxqlqzh.ivpdgvzs@ypcx.sbkrmt.com,2015-12-04 19:10:56.070000000,Suite 160
87,Brock,T,Lara,,F,vmasiaal.cqmhba@bdbeuh.vsnnpe.com,1996-05-26 13:05:34.680000000,Anthony Building
88,Andrea,RM,Whitehead,,M,uurf6@kxzgil.jivrfz.com,1987-07-07 17:40:58.300000000,Marshall Building
89,Jacob,BB,Bryan,,M,ssmim.nnrs@ugzjvn.net,2009-05-25 22:43:30.180000000,Suite 83
90,Tiffany,Z,Roy,,F,itnh239@czmjdi.net,2013-12-06 17:40:41.590000000,APT 4
91,Cory,CD,Walter,,M,lkmpp.pbvhkl@jyza-t.net,1974-12-03 15:01:04.530000000,Roosevelt Building
92,Dewayne,CS,Murray,,M,qyxjkixv935@xiunen.com,1955-07-26 18:34:57.990000000,75th Floor
93,Ivan,BA,Shepherd,,F,jhfckfh.tgvqr@gd-fio.com,2005-03-20 07:21:56.730000000,3rd Floor
94,Marie,J,Cox,,F,nubrgfm.qocefmqtgb@-mfvmg.org,1988-02-08 05:28:50.050000000,Appartment 8
95,Brandie,TR,Kaufman,,M,jyuuzo.qoqhrvadl@skncnxanh.vsykbq.net,1961-05-15 21:00:45.140000000,Appartment 7
96,Mandi,BE,Small,,F,hfrwm4@emdjjf.cwvgxy.org,1982-06-18 07:07:02.060000000,Anthony Building
97,Scott,D,Hoffman,,M,iuvrwoe19@yjkb.jivrli.net,1980-02-15 19:26:48.460000000,198th Floor
98,Darrick,SB,Herman,,M,zuvmkgqo87@aduflvnem.ehnrmq.org,2003-12-05 05:08:09.680000000, Department
99,Joanna,S,Holmes,,M,yupjnw.thvbni@isxgxxo.ijgbry.org,1994-03-31 20:52:58.040000000,Marshall Building
100,Nathan,R,Brennan,,F,alvrlq.lucf@xxeejvt.o-eu-c.com,2010-07-02 01:37:28.260000000,Suite 4315