ID_Parte,NombreParte,Precio
*220MISC,Misc - Miscellaneous Parts,285.85
*221MISC,Misc - Miscellaneous Parts,354.34
*222MISC,Misc - Miscellaneous Parts,353.12
*223MISC,Misc - Miscellaneous Parts,471.39
*224MISC,Misc - Miscellaneous Parts,312.42
*225MISC,Misc - Miscellaneous Parts,61.38
*226MISC,Misc - Miscellaneous Parts,130.42
*227MISC,Misc - Miscellaneous Parts,161.39
*228MISC,Misc - Miscellaneous Parts,481.84
*229MISC,Misc - Miscellaneous Parts,300.97
*230MISC,Misc - Miscellaneous Parts,290.89
*231MISC,Misc - Miscellaneous Parts,141.31
*330MISC,Misc - Miscellaneous Parts,491.7
*339MISC,Misc - Miscellaneous Parts,266.76
*410MISC,Misc - Miscellaneous Parts,478.21
*412MISC,Misc - Miscellaneous Parts,321.64
*415CMISC,Misc - Miscellaneous Parts,106.39
*415MISC,Misc - Miscellaneous Parts,279.42
*415RMISC,Misc - Miscellaneous Parts,295.73
*420CMISC,Misc - Miscellaneous Parts,430.62
*420MISC,Misc - Miscellaneous Parts,420.73
*420RMISC,Misc - Miscellaneous Parts,332.43
*422MISC,Misc - Miscellaneous Parts,120.63
*425CMISC,Misc - Miscellaneous Parts,172.15
*425MISC,Misc - Miscellaneous Parts,479.65
*425RMISC,Misc - Miscellaneous Parts,74.4
*430CMISC,Misc - Miscellaneous Parts,305.45
*430MISC,Misc - Miscellaneous Parts,497.51
*430RMISC,Misc - Miscellaneous Parts,224.84
*435MISC,Misc - Miscellaneous Parts,413.75
*440MISC,Misc - Miscellaneous Parts,485.56
*442MISC,Misc - Miscellaneous Parts,201.04
*444MISC,Misc - Miscellaneous Parts,97.34
*445MISC,Misc - Miscellaneous Parts,260.32
*446MISC,Misc - Miscellaneous Parts,279.81
*447MISC,Misc - Miscellaneous Parts,482.61
*450MISC,Misc - Miscellaneous Parts,131.59
*460MISC,Misc - Miscellaneous Parts,475.4
*480MISC,Misc - Miscellaneous Parts,465.71
*550MISC,Misc - Miscellaneous Parts,352.17
*551MISC,Misc - Miscellaneous Parts,293.5
*552MISC,Misc - Miscellaneous Parts,392.07
*554MISC,Misc - Miscellaneous Parts,244.98
*555MISC,Misc - Miscellaneous Parts,394.52
*558MISC,Misc - Miscellaneous Parts,109.92
*559MISC,Misc - Miscellaneous Parts,283.86
*660MISC,Misc - Miscellaneous Parts,406.05
*661CMISC,Misc - Miscellaneous Parts,434.7
*661MISC,Misc - Miscellaneous Parts,430.01
*661RMISC,Misc - Miscellaneous Parts,266.67
*662MISC,Hood,327.27
*663MISC,Misc - Miscellaneous Parts,346.84
*664MISC,Misc - Miscellaneous Parts,106.04
*665MISC,Misc - Miscellaneous Parts,155.18
*666MISC,Misc - Miscellaneous Parts,174.75
*667MISC,Misc - Miscellaneous Parts,453.43
*668MISC,Misc - Miscellaneous Parts,283.71
*669MISC,Misc - Miscellaneous Parts,230.96
*670MISC,Misc - Miscellaneous Parts,491.75
*676MISC,Misc - Miscellaneous Parts,288.01
*680MISC,Misc - Miscellaneous Parts,255.94
*680RMISC,Misc - Miscellaneous Parts,132.91
*681MISC,Misc - Miscellaneous Parts,436.56
*682CMISC,Misc - Miscellaneous Parts,118.09
*682MISC,Misc - Miscellaneous Parts,315.41
*682RMISC,Misc - Miscellaneous Parts,139.85
*691MISC,Misc - Miscellaneous Parts,93.96
*771CMISC,Misc - Miscellaneous Parts,281.37
*771MISC,Misc - Miscellaneous Parts,486.96
*771RCUSTOM1,Misc - Miscellaneous Parts,495.6
*771RCUSTOM2,Misc - Miscellaneous Parts,240.05
*771RCUSTOM3,Misc - Miscellaneous Parts,130.99
*771RCUSTOM4,Misc - Miscellaneous Parts,313.72
*771RCUSTOM5,Misc - Miscellaneous Parts,443.56
*771RMISC,Misc - Miscellaneous Parts,187.12
*771RMISC_REBAR,Misc - Miscellaneous Parts,78.66
*772MISC,Misc - Miscellaneous Parts,137.44
*772RMISC,Misc - Miscellaneous Parts,226.11
*773CMISC,Misc - Miscellaneous Parts,112.22
*773MISC,Misc - Miscellaneous Parts,245.79
*773RMISC,Misc - Miscellaneous Parts,168.36
*773SPOT,Misc - Miscellaneous Parts,370.75
*775MISC,Misc - Miscellaneous Parts,117.49
*776MISC,Misc - Miscellaneous Parts,458.18
*776RMISC,Misc - Miscellaneous Parts,136.47
*779MISC,Misc - Miscellaneous Parts,188.71
*880MISC,Misc - Miscellaneous Parts,145
*881MISC,Misc - Miscellaneous Parts,442.16
*882MISC,Misc - Miscellaneous Parts,135.56
*884MISC,Misc - Miscellaneous Parts,326.39
*885CMISC,Wheel,248.9
*885MISC,Misc - Miscellaneous Parts,400.63
*885RMISC,Misc - Miscellaneous Parts,483.65
*886CMISC,Wheel,227.69
*886MISC,Misc - Miscellaneous Parts,146.23
*886RMISC,Misc - Miscellaneous Parts,210.58
*887CMISC,Wheel Cover,455.51
*887MISC,Misc - Miscellaneous Parts,176.89
*887RMISC,Misc - Miscellaneous Parts,129.1
*888MISC,Misc - Miscellaneous Parts,470.08
